AÉCIO NEVES;Candidata, essa campanha vai passar para a história como a mais sórdida das campanhas eleitorais do nosso sistema democrático. A calunia, a infâmia, as acusações irresponsáveis foram feitas não só em relação a mim, com relação ao Eduardo Campos, em relação à Marina, agora em relação a mim. Isso é um péssimo exemplo. Mas eu lhe faço uma pergunta, candidata. A revista hoje publica que o delator, um dos delatores do “petrolão”, disse que a senhora e o ex-presidente Lula tinham conhecimento da corrupção na Petrobras, uma oportunidade da senhora responder aos brasileiros. A senhora sabia, candidata, da corrupção na Petrobras?
DILMA ROUSSEFF;Candidato, é fato que o senhor tem feito uma campanha extremamente agressiva a mim. Isso é reconhecido por todos os eleitores. Agora essa revista que fez e que faz sistematicamente oposição a mim, faz uma calúnia e uma difamação do porte que ela fez hoje. E o senhor endossa. Candidato, a revista Veja não apresenta nenhuma prova do que faz. Eu manifesto aqui a minha inteira indignação. Porque essa revista tem o hábito de nos finais das campanhas na reta final, tentar dar um golpe eleitoral e isso não é a primeira vez que ela fez. Fez em 2002, fez em 2006, fez em 2010 e agora faz em 2014. O povo não é bobo, candidato. O povo sabe que está sendo manipulada essa informação porque não foi apresentada nenhuma prova. Eu irei à Justiça para defender-me e ao mesmo tempo tenho certeza de que o povo brasileiro vai mostrar a sua indignação no domingo votando e derrotando essa proposta que o senhor representa e que é o retrocesso no Brasil.
AÉCIO NEVES;Candidata, eu apenas dei a senhora a oportunidade de apresentar sua defesa, não acredito que a acusação à revista ou a tentativa do seu partido de tirá-la de circulação seja a melhor resposta. A delação premiada traz ao réu o benefício dele obviamente apresentar provas, caminhos que levem à comprovação das acusações e nós temos que aguardar que isso ocorra. Uma outra revista, para ver que não há um complô contra a senhora, lança hoje na sua capa, a revista Isto É, fala da campanha da mentira, da campanha da infâmia. Hoje aqui no Rio de Janeiro, na sede do seu partido, foram apreendidos boletins apócrifos contra a minha candidatura. No Nordeste brasileiro, carros de som estão circulando dizendo que se o eleitor votar no 45, ele está automaticamente desligado do Bolsa Família. A senhora se orgulha, candidata, de uma campanha nesse nível?
DILMA ROUSSEFF;Candidato, eu fico muito estarrecida com o senhor, porque eu na minha vida política, na minha vida pública, jamais persegui jornalista, jamais reprimi a imprensa. Tenho respeito pela liberdade da imprensa, porque eu vivi os tempos escuros desse país. Agora candidato, eu acredito que o senhor cita duas revistas candidato, que nós sabemos para quem fazem campanha. E agora acredito que a partir de segunda-feira vai desaparecer essa acusação. Agora, eu não vou deixar que ela desapareça. Eu vou investigar os corruptos e os corruptores, e os motivos pelos quais isso chegou a esse ponto.
DILMA ROUSSEFF;Candidato, o Brasil é um país que se destaca hoje no mundo pelo fato de ter criado milhões de empregos. Nós não só criamos empregos, como também tivemos um aumento significativo da renda neste mês de setembro, 1,5% real. O senhor concorda com o que fala o seu candidato a Ministro da Fazenda, que diz que o salário mínimo está alto demais?
AÉCIO NEVES;Candidata, não é justo colocar palavras na boca de alguém que não está aqui para respondê-la. Eu tenho orgulho enorme do meu candidato a Ministro da Fazenda. A senhora parece que não tem do seu, até porque já demitiu o atual Ministro da Fazenda. Mas o Brasil, candidata, é visto sim pela comunidade internacional como um dos países que menos cresce na nossa região. Temos uma taxa de investimentos hoje de 16,5% do PIB, a pior da década, porque o seu governo afugentou os investimentos e a inflação, infelizmente, está de volta. A situação do Brasil é extremamente grave, candidata e é preciso que o seu governo reconheça isso, porque os mercados, outros países, os brasileiros já reconhecem. O governo do PT e o governo da candidata Dilma Rousseff fracassou na condução da economia, pois nos deixará uma inflação saindo de controle, por mais que ela não reconheça, um crescimento pífio, fracassou na gestão do estado nacional. O Brasil é hoje um cemitério de obras abandonadas, inacabadas, e com sobre preço de fortes denúncias de desvios por toda a parte, e fracassou na melhoria dos nossos indicadores sociais. Lamentavelmente candidata, esse é o retrato do Brasil real, não é o retrato do Brasil da propaganda do seu marqueteiro. Mas nós vamos muito mal na saúde ou a senhora acha que vai bem? Vamos mal na segurança pública, uma omissão criminosa do governo federal e vamos muito mal na educação. A senhora será a primeira presidente da República pós-plano real que deixará o país com uma inflação maior do que aquela que recebeu.
DILMA ROUSSEFF;Eu acho que o senhor está mal informado, porque quem deixou o país com uma inflação maior do que recebeu foi o governo tucano do Fernando Henrique. Além disso candidato, eu queria dizer que nós criamos empregos sim candidato e o senhor não pode questionar esse fato. São dados reais. Nós aumentamos o salário mínimo 71% em termos reais. Além disso candidato, na saúde quem não gastou o mínimo constitucional foi o senhor quando era governador, que ficou devendo R$ 8 bilhões. Além disso candidato, eu quero deixar claro que eu tenho certeza que eu neste próximo mandato farei um governo muito melhor se for eleita, principalmente controlando a inflação.
AÉCIO NEVES;Vamos aguardar o eleitor decidir se a senhora vai ter o próximo mandato candidata.
DILMA ROUSSEFF;Eu disse se eu for.
AÉCIO NEVES;Mas nós estamos aqui falando para milhões e milhões de brasileiros. A senhora acaba de dizer que o governo do presidente Fernando Henrique deixou a inflação maior do que recebeu. Em 94, candidata, a inflação era de 916% ao ano. O plano real que o seu governo, que o seu partido votou contra permitiu que ela chegasse a 7,5% e depois com a eleição do presidente Lula a 12,5%. Eu pergunto ao telespectador, você confiaria mais no governo que traz a inflação desse patamar de 916% ao ano ou deixar esse período do Lula na minha conta a 12% ou um que a entrega maior, como acontece no caso da presidente Dilma? A história a gente não reescreve presidente, o futuro sim. Esse nós podemos escrever de forma diferente do que está sendo escrito pelo seu governo.
AÉCIO NEVES;Candidata, nós sabemos da absoluta carência de infraestrutura no Brasil por todas as partes. Falta tudo: ferrovias, hidrovias, faltam portos. O seu governo optou por financiar a construção de um porto em Cuba, gastando R$ 2 bilhões do dinheiro brasileiro, do dinheiro do trabalhador brasileiro, enquanto nossos portos estão ai aguardando investimentos. Nenhum teve investimentos nesta linha. O que é mais grave: esse financiamento vem com carimbo de secreto, ele não é acessível à população brasileira. O que o seu governo tem a esconder, candidata, em relação ao financiamento do porto de Marial em Cuba?
DILMA ROUSSEFF;O meu governo nada, agora acredito que o seu tem muito o que esconder quando se trata dos gastos com publicidade, não claramente veiculados no que se refere aos jornais e à televisão da sua família. Acredito, senador, que é necessário a gente parar e olhar com muito a cautela essa questão do porto. Nós financiamos uma empresa brasileira, que gerou emprego no Brasil. Tanto que gerou emprego que foram dos 800 milhões contratados, nós conseguimos gerar quase 156 mil empregos. E quero lembrar ao senhor que também o governo Fernando Henrique financiou empresas brasileiras a exportar e colocar produtos tanto na Venezuela quanto em Cuba. Então eu não entendo o estarrecimento do senhor. Agora, eu queria voltar à questão do emprego. Candidato, vocês deixaram o país com 11,4 milhões de pessoas desempregadas. Candidato, era a maior taxa, só perdia para a Índia, que tinha 41 milhões. Vocês bateram recordes de desemprego, recordes de baixos salários, e quando o senhor se refere à inflação, estou falando do governo Itamar, e não do Fernando Henrique.
AÉCIO NEVES;Mais um engano da senhora, mas volto a Cuba que é a minha pergunta. Talvez eu possa revelar hoje aqui ao Brasil as razões pelas quais o empréstimo é considerado secreto, diferente de todos esses outros a que a senhora se referiu. Recebi um documento hoje e estou solicitando que seja enviado à Procuradoria Geral da República para que faça a investigação documento do Ministério do Desenvolvimento Econômico que diz que o financiamento para Cuba, diferente do financiamento para outros países, onde o prazo para pagamento é de 13 anos, foi de 25 anos. E o mais grave, candidata, em todos esses financiamentos, a solicitação do governo brasileiro e do grupo técnico era de que as garantias fossem dadas em uma moeda forte, geralmente euro ou dólar, um banco internacional de credibilidade. E o governo brasileiro aceitou que essas garantias fossem dadas em pesos cubanos num banco na ilha de Cuba. É justo com o dinheiro brasileiro fazer favores a um país amigo que não respeita sequer a Democracia, candidata?
DILMA ROUSSEFF;Candidato, não tem Ministério do Desenvolvimento Econômico, tem o Ministério da Indústria e Comércio, e das Relações Internacionais. Então, eu queria te dizer o seguinte. Sempre que se financia uma empresa, as cláusulas de um financiamento diz respeito a essa empresa. As garantias, são elas, quem dá não é Cuba, quem dá a garantia é a empresa brasileira para o BNDES. Então, candidato, o que eu quero te dizer que você pondere. O governo Fernando Henrique fez o mesmo empréstimo. Nós também fizemos, mas beneficiamos quem, candidato? Empregos brasileiros, brasileiros que são empregados. Eu queria também que o senhor tivesse tanto zelo pela liberdade de informação no caso das empresas que o senhor tem em Minas.
DILMA ROUSSEFF;Candidato, o Minha Casa, Minha Vida é o maior programa habitacional do Brasil. O senhor tem feito algumas críticas a ele. Eu não entendo a razão das críticas uma vez que nós batemos todos os recordes construindo habitações no Brasil. Eu tenho certeza que nós iremos construir mais ainda se eleito. Eu gostaria que o senhor se pronunciasse a respeito de construções dentro da sua perspectiva de governo.
AÉCIO NEVES;Candidata, eu aproveito a pergunta sobre o Minha Casa, Minha Vida para mais uma vez denunciar o terrorismo que seu partido vem fazendo. Pessoas que estão na lista para serem beneficiadas pelo Minha Casa, Minha Vida estão recebendo mensagem dizendo que se votarem no PSDB sairão do cadastro. Não é verdade. Eu quero tranquilizar a todos os brasileiros e brasileiras porque nós não vamos apenas manter o Minha Casa, Minha Vida, nós vamos aprimorá-lo. Focando especialmente as regiões de mais baixa renda, onde o atual governo não avançou. Aquela de até três salários mínimos, que existia no início do seu governo um deficit de 4.000.100 moradias. Existe hoje um deficit próximo de 4 milhões. Essa será uma grande prioridade no nosso governo. E vamos fazer parcerias desburocratizadas, mais ágeis com os municípios brasileiros e com os estados brasileiros. Ninguém pode, candidata, querer se apropriar de programas como se fossem apenas seus. Vários programas são da sociedade brasileira e são pagos pelo dinheiro do trabalhador brasileiro. E nós vamos subsidiar, sim, programas sociais que têm alcance na vida real, na vida das pessoas. Nós não vamos fazer é o bolsa empresário que ajuda apenas um grupo muito restrito de brasileiros em detrimento da grande maioria. Fique tranquila, candidata, fiquem tranquilos brasileiros, porque nós vamos avançar e avançar muito mais também no programa habitacional.
DILMA ROUSSEFF;Candidato, o senhor não entende, não conhece direito então esse programa. Porque o foco desse programa é em quem ganha uma renda até R$ 1.600, mas ele abrange também que ganha até R$ 5.000. Candidato, vocês falaram o tempo inteiro que os bancos públicos vão ser redefinidos. Agora o senhor vem aqui e quer que as pessoas acreditem que vocês vão manter o subsídio. Eu não acredito nisso, candidato. Eu não acredito nisso, porque vocês sistematicamente, ao longo de todo o governo Fernando Henrique, foram contra o subsídio. Para a pessoa que está nos assistindo ter uma ideia, para os indecisos terem uma ideia, caso fosse a preço de mercado, a prestação seria R$ 940. Dentro do Minha Casa, Minha Vida, o máximo é R$ 80.
AÉCIO NEVES;Eu já disse mais de uma vez e quero dizer mais uma vez a milhões de brasileiros. Me honra muito essa comparação com o presidente Fernando Henrique, mas eu me chamo Aécio Neves. Eu disputo a Presidência da República para governar a partir de 1º de janeiro de 2015. E o tema que a senhora traz é um tema que merece aqui uma reflexão. Bancos públicos serão fortalecidos, não serão aparelhados no meu governo, candidata. Em 2003, o Banco do Brasil tinha três diretorias, entre presidência, vice-presidência e diretorias. Hoje tem, candidata, talvez a senhora nem saiba, 37, um terço delas ocupadas por filiados do PT. Essa é uma demonstração clara da perversidade do aparelhamento da máquina pública em benefício de um projeto de governo. Um vice-presidente está preso na Itália e o presidente atual alvo de gravíssimas denúncias.
AÉCIO NEVES;Candidata, vamos a um tema que interessa a todos os brasileiros: inflação. Vamos voltar a ele até porque é preciso que os brasileiros que nos assistem saibam que a senhora, nos últimos debates, reafirmou que a inflação no Brasil está sob controle. Eu não acredito nisso, candidata. Ela estourou o teto da meta e ao mesmo tempo a perversa equação que o seu governo deixará ao sucessor, estou preparado para ela, inflação alta e crescimento baixo. Dou-lhe mais uma oportunidade, o que eu seu governo fará se vencer as eleições para controlar a inflação, ou ela não é um problema?
DILMA ROUSSEFF;Candidato, eu vou reportar primeiro ao Banco do Brasil. Vocês deixaram o Banco do Brasil com uma grave dívida. Nós não, nós demos lucro no Banco do Brasil, profissionalizamos o Banco do Brasil. Vocês quebraram a Caixa, candidato, vocês quebraram o BNDES, reduziram tudo ao tamanho que vocês acharam que devia ter, ou seja, sem política industrial e sem política social. No caso da inflação, o senhor pode ter certeza, candidato, é meu compromisso o controle da inflação. Nos últimos dez anos nós mantivermos a inflação dentro dos limites da meta. Quem não mantinha a inflação dentro dos limites da meta, sem o senhor apesar de agora desconhecer o governo Fernando Henrique, era líder do governo Fernando Henrique, quem não mantinha era o governo Fernando Henrique, que vocês querem botar na conta do Lula, que em 2002 era por causa do Lula que a inflação foi para 12,5%. Não senhor. Em 2001, ela estava já em 7,7%. Vocês chegaram à obra-prima, candidato, de aumentar imposto e deixar uma dívida muito maior do que a que vocês receberam. Candidato, não há termos de comparação entre o que nós fizemos e o que vocês fizeram. Nós enfrentamos a crise, não deixamos que a diminuição de salário recaísse na conta do povo brasileiro.
AÉCIO NEVES;Candidata, muito confusa essa sua explicação. Mas eu vou voltar à questão central. A senhora então quer dizer que o PT controlou a inflação? Não fomos nós com o Plano Real? A história não se reescreve, candidata. Nós fizemos naquele momento o que precisava ser feito. E tenho uma honra e um orgulho enorme de ter hoje como um aliado muito forte o presidente Fernando Henrique, aquele a quem a senhora teceu elogios que talvez eu não tenha tido a oportunidade de fazer. Mas vamos voltar ao presente, porque as pessoas que nos escutam hoje, que nos assistem no Brasil inteiro, querem que nós falemos de futuro. Quem tem responsabilidade e compromisso com o controle da inflação, com a gestão profissional dos bancos públicos somos nós. O seu governo deve à Caixa Econômica Federal mais de R$ 10 bilhões, deve ao Banco do Brasil R$ 8 bilhões no crédito safra, porque seu governo descontrolou a economia do país, candidata, essa é a realidade incontestável.
DILMA ROUSSEFF;Eu quero reiterar que vocês quebraram os bancos públicos do Brasil. Quero reiterar que a Caixa, que era um dos maiores bancos do país, vocês minguaram a Caixa. Vocês, candidato, eram contra fazer política social com subsídio. Agora o senhor vem para mim com esta conversa de que vão fazer política social. Me desculpe, candidato, eu não acredito, sabe por que? Porque a prática fala muito mais que palavras vazias. E a prática de vocês é uma. Quando vocês enfrentaram a crise, vocês jogaram a crise nas costas de quem? O povo lembra, candidato. Jogaram a crise nas costas do povo brasileiro. Com desemprego e baixos salários. Mais claro do que isso, candidato, é impossível. Nós não. Nós mantivemos emprego e mantivemos o salário.
DILMA ROUSSEFF;Candidato, eu sempre gosto de perguntar a respeito do Pronatec. Por que que eu gosto do Pronatec, candidato? Porque o Pronatec ele resolve várias questões e desafios. Vocês fizeram uma lei proibindo que o governo federal fizesse e mantivesse escolas técnicas. Por isso fizeram, ao longo de oito anos, só 11 escolas técnicas. O senhor era líder do governo FHC. O senhor vai continuar com essa política?
AÉCIO NEVES;Eu não devia lhe corrigir em público, mas eu era líder do PSDB, mas vamos passar isso, deixar isso um pouco mais barato. É, mais ou menos candidata. Para quem não conhece o Congresso Nacional, talvez sim, mas é muito diferente, é muito diferente.
AÉCIO NEVES;Candidata, o Pronatec é uma inspiração e é bom reconhecer isso. É uma inspiração em programas como feito em São Paulo, as Etecs do governador Geraldo Alckmin, do governador José Serra, cuja presença aqui hoje eu agradeço. Da Pep em Minas Gerais, que foi um programa de ensino profissionalizante de Minas Gerais, inspiraram o Pronatec. Agora falta a fiscalização. Nessas últimas semanas as denúncias em relação ao Pronatec são graves, candidata. Em relação às estatísticas, porque vocês contabilizam o aluno quando ele entra, e se ele ficou ali uma semana, duas semanas e depois saiu, ele continua fazendo parte da estatística. Aliás, o seu governo é o governo das estatísticas desde que elas lhe sejam favoráveis. Nós vamos aprimorar esses programas, aumentando a carga horária. Mais de 70% têm uma carga horária de cerca de 160 horas. Venhamos e convenhamos, é muito pouco para a formação mais adequada ainda de um aluno. Eu quero mais, eu quero que o aluno frequente o Pronatec, mas ele complete seu ciclo de estudo no ensino médio, candidata. Isso sim vai permitir o Brasil dar um avanço na educação. O Pronatec é uma etapa apenas de um processo muito mais complexo e que tem que ser muito mais ousado e ambicioso do que esse que tem o seu governo.
DILMA ROUSSEFF;Candidato, o senhor não respondeu. Vocês em oito anos fizeram onze escolas técnicas federais. Nós, candidato, fizemos 422. O Lula, 214, e eu, 208. O meu número é só 1.600% maior do que vocês fizeram em oito anos. Candidato, sabe por que fazer escolas técnicas é tão importante? Porque ela é a base da parceria que nós fizemos com o sistema S. O Pronatec é um ensino gratuito e ele comporta tanto ensino técnico de nível médio quanto qualificação profissional. É gratuito, o material didático é gratuito, o transporte. Candidato vocês jamais tiveram essa dimensão. Aliás, o programa de vocês são programas piloto, pequenos e fragmentados.
AÉCIO NEVES;Candidata, acho mais do que esses números decorados, essas estatísticas, vamos falar de educação, que é o essencial. O Brasil inteiro está nos escutando hoje. O que é que esse governo fez que a qualidade da educação pública no Brasil avançasse? Absolutamente nada. Em qualquer ranking internacional, candidata, é vergonhosa a posição do Brasil. Inclusive em relação a nossos vizinhos. Eu, se eu puder vencer essas eleições e ser lembrado com uma marca, eu digo a todos os brasileiros, quero ser lembrado como o presidente que revolucionou a educação no Brasil. Vocês tiveram 12 anos e nada aconteceu. Eu governei Minas, com um orgulho enorme, candidata, por oito anos, e levei Minas Gerais, que não é o mais rico dos estados brasileiros, é o segundo mais populoso, a ter a melhor educação fundamental do Brasil. E quem fez, candidata, tem mais autoridade para dizer que vai fazer.
DILMA ROUSSEFF;Luiz Alexandre, muito boa a pergunta. Você vai me dar a oportunidade para mim falar do Minha Casa, Minha Vida. O Minha Casa, Minha Vida contempla quem quer ter e comprar um imóvel até R$ 5 mil. Com vários níveis de subsidio. Até mil e seiscentos o subsidio é maior, mas nas outras duas faixas também tem subsidio que facilita a você a pagar a prestação que não compromete muito a sua renda e ao mesmo tempo garante uma série de vantagens como, por exemplo, que você não pague o seguro, por que nós assumimos o seguro e você também não tem de dar garantias por que a gente já, a gente tem um fundo garantidor. Assim, Luiz Alexandre, nós vamos fazer, se eu for eleita, mais três milhões de casas do Minha Casa, Minha Vida e vamos reajustar as faixas de renda, ampliando as faixas de renda, porque de quatro em quatro anos a gente faz isso, a gente amplia as faixas de renda. Assim, eu tenho certeza que você vai poder ser uma das pessoas contempladas caso você seja sorteado, por que é um processo bastante democrático, para impedir que haja uso político e manipulação. Não passa, não passa pelos, não passa por nenhum órgão político, passa diretamente do empresário com você, o empresário que vai construir a casa e a gente não financia o empresário.
DILMA ROUSSEFF;A gente financia diretamente a você.
AÉCIO NEVES;Luiz Alexandre, esse é um drama que milhões de brasileiros vivem, a dificuldade de pagar aluguel e a dificuldade de ter a sua casa própria. Ao contrário daquilo que nós assistimos na propaganda oficial, não foram entregues três milhões e meio de habitações no Brasil. Foram entregues metade disso. Se tivesse sido entregue esses três milhões e meio de habitações, provavelmente um milhão e meio ou um pouco mais disso de brasileiros estaria numa situação hoje de muito mais tranquilidade. Nós vamos ampliar esses programas habitacionais com parcerias mais efetivas e desburocratizadas com os municípios e com os estados brasileiros. Esse é um grande desafio, eu dizia agira há pouco que ninguém pode ter a exclusividade da preocupação com a questão social. E nós teremos uma preocupação permanente em ampliar o programa habitacional e permitir que pessoas como você tenham acesso a moradia digna, de qualidade, que infelizmente não vem acontecendo.
DILMA ROUSSEFF;Candidato, ah, desculpa, ô, você pode um dia ser candidato, né, querido? Nós, hoje, temos um milhão e oitocentas mil casas entregues. E tem um milhão e oitocentos mil em construção. A cada dia esse número aumenta, por que as casas vão sendo entregues. Você pode ter certeza que esse foi o único programa feito desse porte no Brasil. Nós vamos construir até, nós vamos construir e contratar até o final deste ano, três milhões, setecentos e cinquenta mil moradias. Nunca no Brasil aconteceu isso, agora, por que que eu acho que eu tenho condições de fazer. Por que nós construímos o programa. Não é que ele seja monopólio, é que nós fizemos. Eles jamais fizeram, eles não têm experiência.
AÉCIO NEVES;Renata, eu respondo com uma alegria enorme a sua pergunta, com um cumprimento. Estive na sua terra esta semana, peço que leve um abraço aos amigos do Pará, de Belém. E, realmente, se nós não enfrentarmos com coragem, não com promessas, mas com coragem a questão da baixíssima qualidade da educação no Brasil nós não vamos a lugar algum. Esse é o grande desafio, essa é a grande questão. Eu fui governador de Minas, Renata, e consegui fazer com que Minas Gerais, que é o estado que tem o maior número de municípios do Brasil, são 853, é um estado muito heterogêneo, por que nós temos lá, para muito orgulho nosso, um Nordeste encostado no nosso território, conseguimos fazer com que Minas tivesse a melhor educação do Brasil. A minha proposta é fazer isso em todo o Brasil. Nós vamos começar pelas creches. E as creches que tiverem recurso público no nosso governo vão ficar abertas até as oito horas da noite. Como as pré-escolas, que vão receber as crianças de até quatro anos de idade também, com qualidade, e ficarão abertas até esse horário. Vamos qualificar o ensino médio, flexibilizando os currículos, Renata. É muito importante que a pessoa se fome para uma atividade que ela vai exercer na sua região, na região onde mora, onde a sua família mora. É muito importante, isso é um compromisso do meu governo, apoiar a qualificação e a remuneração dos professores. Nós não vamos ter uma educação de qualidade se os professores não forem bem remunerados. O meu governo vai apoiar aqueles municípios e estados que remuneram pior os seus professores, que têm dificuldades financeiras de dar um salário melhor e uma qualificação melhor aos seus professores. Nós vamos revolucionar a educação no Brasil.
DILMA ROUSSEFF;Muito boa a sua pergunta. Eu tenho assim um grande compromisso com creche e pré-escola. Por que eu acredito que creche e pré-escola é o futuro do país. A gente dá oportunidade para as brasileirinhas e para os brasileirinhos. Nós vamos fazer 6 mil creches. Duas mil já entregamos, estamos construindo mais 4 mil. Se eu for eleita, vou construir mais tantas creches quanto forem o necessário, primeiro para a gente universalizar de quatro a cinco anos a pré-escola e ampliar o número de crianças de zero a três. Agora, eu queria te dizer uma coisa, nós aprovamos uma lei no Congresso que dá 75% dos royalties e 50% do fundo social do pré-sal para educação. Para que? Para pagar melhor os professores. Essa é a condição para esse país ter educação de qualidade.
AÉCIO NEVES;Renata, eu volto a sua pergunta, né. A gente escuta sempre as mesmas promessas, os mesmos compromissos, lamentavelmente, estão no poder há doze anos e não fizeram aquilo que dizem que vão fazer. Se as seis mil creches prometidas, há quatro anos atrás, tivessem construídas, muito provavelmente o seu filho, ou seu sobrinho, ou o neto de tantas pessoas que estão aqui nos ouvindo estariam tendo a tranquilidade de onde deixar seu filho. Nós vamos cumprir com cada um dos compromissos que nós assumimos. Infelizmente, o candidato oficial não apresentou um programa de governo para que nós pudéssemos saber quais são as metas, quais são as prioridades que ela tem. O nosso está aí e fala em construção de seis mil creches, fala das pré-escolas e da qualificação. Isso no fundamental e em especial no ensino médio. Portanto esteja certa, Renata, se eu tiver o privilégio de governar o Brasil daqui a quatro anos você vai ter uma nova realidade na qualidade do ensino público.
DILMA ROUSSEFF;Adriana, você tem toda a razão, a lei é branda. Quando a lei é branda você investiga, você identifica e na hora de punir o criminoso, o corrupto se evade. Por isso que eu propus cinco grandes medidas de combate à impunidade. Primeiro: transformar em crime eleitoral o caixa dois. Segundo: o funcionário público que enriquecer sem mostrar a origem, ele perde o bem e além de perder o bem ele é criminalizado. Ao mesmo tempo o direito do poder público em relação às pessoas que enriqueceram sem deixar claro qual é a origem do bem, ele perderá o bem. Hoje no Brasil ele paga o Imposto de Renda e ele não perde o bem. E criar também uma instância especial dentro dos tribunais superiores para julgar mais rápido os crimes com foro especial, os crimes de colarinho branco também. Isso significa que nós vamos ter um conjunto de medidas para que haja a punição daquele que foi o corrupto e o corruptor. Eu tenho orgulho de ter dado inteira autonomia, que não era dada nos governos anteriores, porque nomeavam filiados de partidos para dirigir a Polícia Federal. A Polícia Federal no meu governo investiga.
AÉCIO NEVES;Minha querida conterrânea, eu reconheço que você hoje expressa o sentimento de milhões de brasileiros que não aguentam mais abrir todo dia os jornais e ver qual é o caso novo de corrupção. E quando não há punição a indignação é ainda maior. É o que nós estamos assistindo no Brasil de hoje. Eu vejo a candidata Dilma apresentar aqui um conjunto de propostas. Muitas delas estavam em tramitação no Congresso Nacional durante todos esses últimos anos. Não houve qualquer ação do PT ou do governo do PT para que algumas dessas propostas pudessem avançar. Por quê? Porque não houve preocupação do PT no combate efetivo à corrupção. Essa é a grande realidade. Eu vou lhe dizer aqui olhando nos seus olhos. Existe uma medida que está acima de todas as outras e não depende do Congresso Nacional para acabarmos com a corrupção no Brasil. Vamos tirar o PT do governo.
DILMA ROUSSEFF;Adriana, veja você que quem fala é o representante do partido que tinha uma prática, Adriana, que era engavetar todas as investigações. Tudo que era investigação engavetava. De deputado, de senador, de ministro. Isso, Adriana, levou o Brasil a sempre ter um conjunto de julgamentos que ninguém nunca viu e nem deu fé. Foram todos soltos. Eu queria te dizer uma coisa. Para que você combata a corrupção, que é o que eu quero, eu tenho certeza que é o que o Brasil quer, eu tenho na minha vida um orgulho. Eu nunca compactuei com corrupto ou corrupção. Sempre combati. Fui atrás. E vou te dizer, doa a quem doer, eu vou condenar corruptos e corruptores.
AÉCIO NEVES;Carla, eu agradeço a sua pergunta, e essa deve ser uma preocupação de qualquer governante responsável. O Brasil envelhece. O Brasil não tem hoje serviços e nem mesmo a proteção necessária aos idosos. O INSS, Instituto Nacional de Seguridade Social, no nosso governo, nosso programa de governo, que nós apresentamos até em respeito em respeito aos eleitores, aos cidadãos, um programa de governo, ele se transforma também em um instituto da cidadania. Onde nós vamos cuidar inclusive de casos por exemplo de pessoas que contribuíram durante um determinado período na sua vida, passaram alguns anos sem contribuir e são desestimuladas a fazê-lo, porque elas não têm como voltar atrás. Nós vamos cuidar dessas pessoas, encontrar formas para que elas possam se aposentar. E eu tomei uma decisão, Carla, em relação a uma questão que afeta em muito a renda do aposentado brasileiro, que é o fator previdenciário. Eu quero aqui falando a você, aos paranaenses, mas a todos os brasileiros, que nós vamos rever o fator previdenciário, para que ele não puna, como vem punindo, a renda dos aposentados. Portanto, nós construímos, ao longo de todos esses meses, em uma ampla discussão com centrais sindicais, com lideranças extremamente importantes, representativas dos aposentados brasileiros, políticas que visem garantir a eles uma remuneração melhor, como por exemplo incluindo a cesta de medicamentos no cálculo dessas aposentadorias. Mas o compromisso definitivo é fazer a revisão do fator previdenciário, pois isso dará um alívio muito importante aos aposentados brasileiros.
DILMA ROUSSEFF;Carla, muito boa sua pergunta, porque ela mostra uma coisa: quem criou o fator previdenciário? Criou o fator previdenciário o governo PSDB, sendo líder o senador, na época eu acho que ele era deputado. Então, Carla, essa é uma questão muito séria. E você perguntou o seguinte: quando o país ficar cheio de idosos, quem vai pagar a aposentadoria daqueles que ficaram idosos e que não trabalham? Vai ser, como sempre, o pessoal da ativa. Por isso, quando a gente olha para a questão do fator previdenciário, é muito importante abrir a discussão com as centrais sindicais. Nós sistematicamente abrimos. Quase chegamos a um acordo do 85 para a mulher, 95 para os homens. Eu acredito que esse acordo é possível, um acordo que resolva a questão criada pelo governo do PSDB, que é esse do fator previdenciário.
AÉCIO NEVES;Olha, eu confesso que fico feliz com a evolução da posição da candidata. Realmente foi criado o fator previdenciário em um momento de aguda crise da previdência. E depois ele foi derrubado no Congresso Nacional. E quem vetou sua derrubada? O presidente Lula, o governo do PT. Foi derrubado por uma proposta do deputado Fernando Coruja. O que eu quero dizer é que os nossos compromissos, eles não mudam às vésperas das eleições. Nós vamos construir uma rede de proteção aos idosos hoje que passa pelo fator previdenciário revisto, portanto por um outro instrumento que não puna tanto como vem punindo os aposentados o fator previdenciário. Mas uma rede de proteção que passa pela saúde, com ação específica aos idosos. As casas de cuidado, que nesse governo são muito poucas. Nós temos que criar e estimular os profissionais que cuidam dos idosos para que eles tenham uma melhor remuneração e mais estímulo a dedicarem-se a essa carreira.
AÉCIO NEVES;Candidata, a diretora de assistência social do seu governo confirmou essa semana numa reunião com prefeitos em Minas Gerais que os repasses do Fundo Nacional de Assitência estão atrasados em três meses. Esse fundo na verdade ele atende aos programas mais fundamentais do seu governo, programas de assistência de repasse de recursos para entidades que prestam a primeira atenção às pessoas que mais necessitam. Em relação ao orçamento voltado às pessoas portadoras, com deficiência, que é o termo adequado, foi executado apenas 11% do que foi aprovado até aqui. O que vem acontecendo com seu governo, candidata?
DILMA ROUSSEFF;Candidato, acho que o senhor está muito mal informado. O meu governo tem feito um imenso esforço para levar atendimento de saúde, de educação e acessibilidade a pessoas com deficiência. Temos também tido todo um cuidado de, na assistência social, criar nos Cras, centros de referência a assistência social, criar toda uma política de assistência social, o centro dessa política é o Bolsa Família, mas além do Bolsa Família, candidato, que nunca teve um atraso, nós temos uma série de outros programas complementares. Eu não tenho a menor dúvida em afirmar para o senhor, e aqui para os nossos eleitores indecisos, que o meu governo não atrasa programas sociais, nunca atrasou nem contingenciou. E quero dizer mais uma coisa para vocês. Enquanto vocês no Bolsa Família por todos os oito anos do governo Fernando Henrique gastaram R$ 4,2 bilhões, nós gastamos R$ 4,2 bilhões em apenas dois meses de pagamento do Bolsa Família. Não tem a menor dimensão, nem comparativa, com o governo que vocês fizeram.
AÉCIO NEVES;Lamento, candidata, que a senhora esteja tão mal informada em relação ao seu governo. Estão, sim, atrasados os repasses aos municípios brasileiros. Quero me dirigir aos munícipios brasileiros, aos prefeitos que sabem exatamente o que estou dizendo, que no nosso governo isso não vai acontecer. Que as pessoas com deficiência terão prioridade na liberação dos recursos. 11% apenas executados até o final do mês de outubro. Tenho conversado muito, candidata, com parceiros e amigos meus que se dedicam sua vida a essa questão, Mara Gabrilli, Otávio Leite, Eduardo Barbosa, agora o meu amigo Romário, cujo apoio aqui agradeço. Assumi com eles um compromisso, no nosso governo as Apaes serão fortalecidas, diferente do seu governo que tentou extingui-las. E esses repasses da garantia das transferências nesses recursos será prioridade absoluta no meu governo. Pode faltar para outras, coisas, para essa não faltará.
DILMA ROUSSEFF;O seu governo candidato, eu tenho certeza, os seus governos, tanto do PSDB como em Minas Gerais, vocês jamais repassaram para as Apaes o que nós repassamos em todo meu período de governo: R$ 5,9 milhões. Isto, candidato, está escrito e registrado. Nós fizemos com as Apaes o maior programa dentro do que nós entendemos como viver sem limites. Ao mesmo tempo, candidato, nós oferecemos para as pessoas com deficiência toda uma assistência e uma atenção, seja no que se refere à saúde como educação. Além disso, candidato, tem um dado importantíssimo, a nossa política para as pessoas com deficiência reconhece nas pessoas com deficiência cidadãos brasileiros.
DILMA ROUSSEFF;Candidato, em qualquer governo, tenho certeza que os eleitores indecisos aqui sabem disso, é fundamental é planejar, quem não planeja não consegue enfrentar os desafios que ocorrem principalmente num governo. Eu gostaria de saber como o senhor enxerga essa questão da água em São Paulo. Houve ou não houve falta de planejamento, candidato?
AÉCIO NEVES;Certamente que houve, candidata, e segundo o TCU, no seu governo, porque o Tribunal de Contas da União aciona órgãos do seu governo. O que nós estamos tendo, candidata, não é apenas em São Paulo, estamos tendo em toda região Sudeste ausência de água, e a senhora sabe muito bem que nós tivemos a maior crise hídrica dos últimos 80 anos, falta de chuva. O governo de São Paulo, diferente do governo federal buscou fazer o que estava em suas mãos, e o eleitorado de São Paulo decidiu quem estava com a razão, quem realmente falava com sinceridade. O seu candidato aqui em São Paulo, candidata, fez campanha demonizando a ação do governo estadual, onde o governador Geraldo Alckmin foi eleito e propôs iniciativas como um bônus para aqueles que economizassem água. Cerca de 80% dos paulistas aderiram. Infelizmente, não tivemos a parceria da Ana, por que será que a Agência Nacional de Água não estava aqui planejando? Será porque por indicações da senhora Rosimere levaram os diretores da Ana ao presídio ao invés de trazê-lo a São Paulo para planejar com o governador de São Paulo? Candidata, esse aparelhamento da máquina pública é a face mais perversa do seu governo e do governo anterior. Os técnicos foram substituídos por apadrinhados políticos. A Agência Nacional de Água e posso citar outras na sequência se a senhora quiser não foram ali colocadas pessoas pela sua qualificação, mas por sua indicação, faltou parceria do governo federal nessa questão candidata.
DILMA ROUSSEFF;Candidato, o fato é que a agua é responsabilidade do estado. Nós somos parceiros. Nós, nesse caso agora do projeto de São Lourenço, que é o único que o governo do estado apresentou, nós demos o dinheiro para fazer o projeto e estamos financiando R$ 1,8 bilhão. Candidato, não planejar no estado mais rico do país é uma vergonha, é uma vergonha, candidato, porque o Nordeste enfrentando a mesma seca e em nenhum você tem um quadro com essa gravidade. Aí, o senhor vai me desculpar, mas eu vou concordar com o humorista José Simão, vocês estão levando o estado para ter o programa “Meu banho, minha vida”. É isso que vocês conseguiram.
AÉCIO NEVES;Candidata, a ausência de planejamento não é uma vergonha nos estados mais ricos, é uma vergonha em todas as regiões do Brasil, e essa é a marca do seu governo, candidata. A transposição do rio São Francisco, que levaria água para as regiões mais carentes do país. Era para ter ficado pronto em 2010, nós estamos em 2014 e aqueles que estão lá próximos das obras não acreditam mais que verão uma gota d’água. Mas eu, ao assumir a presidência da República, estejam certos que esta obra será concluída. A Transnordestina, candidata, falta de planejamento, orçada em R$ 4 bilhões, já se gastou mais de R$ 8 bilhões, ninguém sabe quando ficará pronta. Abreu e Lima candidata, uma obra orçada em R$ 4 bilhões, já se gastou mais de R$ 30 bilhões, onde é que houve o planejamento, candidata? Seu governo é o da ausência de planejamento. Por isso nós temos hoje um custo Brasil altíssimo, baixíssimos investimentos sem logística e quem é punido por isso é o cidadão brasileiro.
AÉCIO NEVES;Candidata, eu tenho dito que é preciso que façamos uma reforma política no Brasil. Entre todas propostas que tenho apresentado, conheço as suas, acredito que temos que acabar com a reeleição, vivemos a experiência da reeleição, e o seu governo acabou por desmoralizá-la. A “Folha de São Paulo” publicou há poucos dias que numa sexta-feira, dos seus 39 ministérios apenas 15 ministros estavam trabalhando, e que a senhora ao longo dos últimos 35 dias, segundo o jornal de hoje, foi duas vezes ao Palácio do Planalto. Quem tá governando o Brasil?
DILMA ROUSSEFF;Candidato, eu governo o Brasil e governo sistemática e diuturnamente, candidato. Agora, eu acredito que a questão da reforma política não é a reeleição, não. Se de fato o senhor está interessado em combater a corrupção, a questão mais séria da reforma política é o fim do financiamento empresarial das campanhas, porque com o fim do financiamento empresarial nós acabaremos com a influência do poder econômico sobre as eleições brasileiras. Isto, candidato, é que é uma vergonha! Além disso, candidato, eu sou a favor da paridade homens e mulheres, e aqui tem as mulheres indecisas que sabem a importância da representação feminina. Sou a favor do fim da coligação na eleição proporcional e sou a favor dos dois turnos na eleição proporcional, que é a proposta da CNBB e da OAB. Candidato, eu acho que o senhor não tem interesse na reforma política, porque a única coisa que o senhor fala é sobre reeleição. Quando, vocês são interessantes, vocês foram e criaram a reeleição. Existe, inclusive, todo um processo por corrupção que era a compra de votos para a aprovação da reeleição, e agora o senhor me vem com essa, que o senhor é contra a reeleição.
AÉCIO NEVES;Candidata aqui nos brinda com uma pérola. Quer dizer que a senhora é contra o financiamento privado.
AÉCIO NEVES;Agradeço sua gentileza e a da candidata. Candidata, o ano passado, um ano não eleitoral, o seu partido, o PT, recebeu 80 milhões de reais em doações empresariais, candidata. Que o senhor seu partido não tem autoridade para falar sobre isso. A sua campanha é uma campanha milionária. Agora, às vésperas do segundo turno, o seu coordenador financeiro da campanha pediu para aumentar o teto de gastos, porque não tinha mais onde colocar dinheiro, candidata. Eu não, eu sempre defendi limitações no financiamento privado e defendi o voto distrital misto, e defendi a cláusula de desempenho, algo, inclusive, que foi aprovado no tempo em que eu estava na Câmara dos Deputados. A senhora apresenta uma proposta que eu gostaria de conhecê-la, porque não sei como funcionaria, dois turnos de eleição proporcional, essa é a primeira vez que ouço. As nossas propostas para reforma política estão claras, entre elas, o fim da reeleição e mandatos de cinco anos para todos os cargos públicos.
DILMA ROUSSEFF;Candidato, fim do financiamento empresarial é diferente do fim do financiamento privado, sabe por que, candidato? Você pode ter financiamento de pessoas físicas, não pode de empresas, candidato. Isso acontece em várias democracias do mundo. Candidato, eu fico muito surpresa com as posições do senhor. Eu acredito que hoje nós sabemos que, se não for investigado e se não for punido, o crime de corrupção vai se reproduzir. Um dos fatores responsáveis pelos crimes de corrupção é que no Brasil o financiamento empresarial das campanhas coloca dentro das campanhas, de todas, candidato, o fator do poder econômico e isso parece que o senhor é a favor dele.
DILMA ROUSSEFF;Vou fazer. Candidato, nós temos uma, damos muita importância à agricultura no Brasil. Durante o meu governo, nós tivemos um aumento muito grande da safra, vocês... Em 2002, tiveram um financiamento de 30 bilhões, hoje nós temos um financiamento para a agricultura de 180 bilhões, se o senhor for eleito quais são as principais medidas que o senhor tomará nessa área?
AÉCIO NEVES;Candidata, mais uma vez o convite eu lhe faço: vamos olhar para frente. Não vamos aqui debater olhando no retrovisor da História, cada governo em seu tempo fez aquilo que julgava essencial. O PSDB, para muito orgulho nosso, fez o maior programa de distribuição de renda desse país que foi o Plano Real, a estabilidade econômica que tirou o flagelo da inflação das costas dos cidadãos brasileiros. E o meu compromisso com o agronegócio não é um compromisso que vem de agora, é um compromisso que eu trago comigo desde a minha formação em Minas Gerais, nós vamos ter uma política agrícola baseada no crédito, no seguro e no respeito, na segurança jurídica no campo, candidata. A senhora permitiu que no seu governo um dos setores de maior potencialidade do país, o etanol, fosse destruído, cerca de 70 usinas deixaram de moer, o desemprego chega, candidata, no Nordeste brasileiro, nas regiões mais pobres que fornecem a cana-de-açúcar. Nós temos que ter uma política agrícola, candidata, que em primeiro lugar tire o Ministério da Agricultura desse loteamento político a que ele foi submetido. Eu tenho dito que criarei o “Superministério” da Agricultura e lá estarão pessoas conectadas com o setor, pessoas que têm autoridade para sentar-se com o ministro da Fazenda, para definir política econômica, com o ministro do Planejamento, para definir orçamento e com o ministro da Infraestrutura, porque esse era um ministério criado no meu governo para definir os investimentos em logística que garantam maior competitividade a quem produz no Brasil, candidata.
DILMA ROUSSEFF;Candidato, vocês deixaram a agricultura a pão e água. Candidato, uma pessoa ela fala para o futuro, mas ela tem de mostrar suas credenciais. Quando eu falo para o futuro eu mostro as minhas credenciais, as credenciais de vocês no caso da agricultura é parcos recursos, pouquíssimos! Financiamentos a juros elevados, não tinha política de seguro, não tinha política de assistência técnica e não davam a menor importância ao agricultor familiar, não davam importância a um dos segmentos mais importantes do Brasil que responde por 70% dos alimentos. Então, candidato, me desculpa, mas o senhor falou, falou e não apresentou nada de concreto. Nem no presente, agora, tampouco para o futuro.
AÉCIO NEVES;Candidata, não tente reescrever a História, o Pronaf foi criado no nosso governo, o mais importante instrumento da agricultura familiar que esse país já viu. A grande, verdade, candidata é quem olha muito para o passado é porque quer fugir do presente, ou não tem nada a apresentar em relação ao futuro. Vamos debater o Brasil daqui para frente. A crise é gravíssima em todos os setores, o Brasil é um país extremamente produtivo da porteira para dentro, da porteira para fora falta tudo, candidata, falta ferrovias, faltam hidrovias, faltam rodovias, portos, já que os recursos estão indo para portos fora do Brasil e é preciso que haja planejamento para que nós façamos o quê? Um combate, um combate quase que uma guerra ao custo Brasil, quem produz no Brasil não tem competitividade, nós estamos perdendo o mercados fora do Brasil, porque o seu governo optou por um alinhamento ideológico a nossa política externa que não abriu um novo mercado ao Brasil.
AÉCIO NEVES;Candidata, há algum tempo atrás o mediador desse debate, William Bonner, ele fez uma pergunta que a senhora não respondeu, eu gostaria que agora a candidata Dilma Rousseff, que está aqui, pudesse responder aos brasileiros: não há nenhum brasileiro, candidata, que não tenha uma opinião clara sobre o que aconteceu no mensalão, ou contra ou a favor, eu, por exemplo, acho que os condenados foram condenados, porque cometeram irregularidades, membros do seu partido, acham que eles são heróis nacionais. Para a candidata Dilma Rousseff, o seu José Dirceu por exemplo foi punido adequadamente ou é herói nacional?
DILMA ROUSSEFF;Candidato, se o senhor me responder por que é que o chamado mensalão tucano mineiro até hoje não foi julgado, por que é que o senhor Renato Azeredo, aliás, Eduardo Azeredo, pediu, pediu renúncia do seu cargo para o processo voltar para a primeira instância, o senhor estaria sendo de fato uma pessoa correta. Mas não, o senhor faz uma política e adota uma estratégia nesse debate que é uma estratégia estranhíssima. Primeiro, o senhor fala no Pronaf, o Pronaf do seu governo era 2 bilhões, o Pronaf do meu governo é 24 bilhões, há uma diferença, candidato, expressiva. Da mesma forma, houve o julgamento do mensalão ligado ao meu partido. É necessário dizer que eles foram condenados e foram para a cadeia. No entanto, o mensalão do seu partido não teve nem condenados nem punidos. É essa a realidade, candidato, não fuja dela! O senhor é o primeiro a falar em corrupção, mas eu posso enumerar todos os processos de vocês que nunca foram julgados e as pessoas estão soltas. O processo do Sivam, todos soltos. O processo da Pasta Rosa, todos soltos. O processo dos trens de São Paulo, todos soltos.
AÉCIO NEVES;Candidata, a senhora traz agora, além da negação da resposta do que eu perguntei, acho o que Brasil merece saber o que a cidadã, o que a candidata Dilma acha em relação à condenação do mensalão, não sei por que tanto constrangimento, mas a senhora traz aqui duas afirmações muito perigosas, candidata. A primeira delas é em relação a essas denúncias, porque a senhora era dona da mesa e da gaveta e o seu partido ao longo desses 12 anos, se existia algum indícios de irregularidade, a obrigação do governante é mandar abrir investigações. Vocês não fizeram isso. Se a senhora quer falar com o mensalão mineiro o chamado mensalão mineiro, vamos aguardar que ele seja julgado, mas a senhora agora comete um grave, talvez até uma... A senhora antecipou algo que possa, que pode amanhã lhe criar constrangimentos, porque o principal acusado do mensalão mineiro é o coordenador da sua campanha em Minas Gerais.
AÉCIO NEVES;O senhor Walfrido dos Mares Guia, que voou no avião presidencial com a senhora. Essa semana, candidata.
DILMA ROUSSEFF;Candidato, o senhor precisa estudar mais, sabe, candidato, processos arquivados, processos encerrados. E vocês arquivaram e encerraram, e deixaram, também, passar o tempo para o julgamento. Sabe o que que acontece, candidato? Eu não sei se o senhor sabe, só o Ministério Público abre processos engavetados e processos arquivados, e vocês arquivaram todos os processos, inclusive, o seu candidato a ministro ia ser, ia ser julgado por improbidade, mas como tinha passado o prazo do julgamento ele não foi sequer denunciado. Então, candidato, a estratégia do engavetador para o caso da impunidade durante o seu governo deu certo.
DILMA ROUSSEFF;Pois não, eu queria falar sobre um assunto muito importante que é a educação. Nós somos a favor do Enem, que é uma forma de acesso democrático à universidade. Ao mesmo tempo, criamos o Prouni, criamos o Prouni que é o acesso à universidade privada e à faculdade privada das pessoas que não têm renda para pagá-los e também fizemos o Fies. Candidato, por que que vocês foram contra o Enem, foram contra o Prouni, entraram até na Justiça contrário a ela, ao Prouni.
AÉCIO NEVES;Candidata, não posso deixar de retornar à pergunta anterior, dizer que infelizmente nós vamos às urnas, todos nós brasileiros, sem que saibamos o que a candidata e o que a cidadã Dilma Rousseff acha em relação ao mensalão, talvez por dificuldades com os seus companheiros de partido, para que os brasileiros possam fazer esse julgamento. Candidata, a senhora deveria honrar aquilo que escreveu, candidata, ao presidente Fernando Henrique reconhecendo quais eram as prioridades naquele momento. O grande presidente da estabilidade, segundo disse a senhora. Em relação a mim, ao meu governo, candidata, eu fico sempre com os enormes elogios que a senhora me fez, até constrangido porque eram elogios realmente muito fortes, que nem correligionários costumeiramente me faziam. A senhora me considerava um dos melhores governadores do Brasil. O governador, abro aspas para a senhora, exemplar. O que é que mudou? O fato de eu ser candidato? Ser o seu adversário hoje? Não, candidata, nós temos que tratar as coisas como elas são. Nós sempre valorizamos a educação. O Prouni, vamos de novo, é inspiração de um projeto de um governo tucano em Goiás, ampliado, e precisará ser ainda mais ampliado. Mas ele tem um problema, candidata, que o meu governo que existe, já que o da senhora ninguém conhece, nós vamos cuidar de apoiar esses jovens, porque muitos estão deixando a universidade porque não têm como chegar na universidade, não tem como comprar o material didático necessário. Nós vamos dar, além de ampliar o Prouni, nós vamos dar um apoio a esses jovens para que eles possam completar.
DILMA ROUSSEFF;Já que o senhor perguntou, eu quero dizer que a sua máquina de propaganda, candidato, é muito eficiente. Eu acreditei no seu choque de gestão. Até saber que o senhor tinha conseguido transformar o estado de Minas no segundo mais endividado do país. Eu acreditei, candidato, que o senhor investia em saúde e educação, até ler um parecer do TCU em que fica claro que o senhor não cumpriu o mínimo constitucional, nem em saúde, nem em educação. Agora, candidato, vocês nunca foram a favor do Prouni. Vocês entraram no Supremo Tribunal Federal pedindo para que a lei do Prouni fosse considerada inconstitucional. Candidato, no Enem vocês sempre criticaram. Agora que 8 milhões e 700 mil pessoas estão fazendo isso, o senhor vem aqui dizer que concorda?
AÉCIO NEVES;Candidata, nem o fato de ter passado toda a sua vida longe de Minas Gerais justifica ofender tanto a realidade de Minas Gerais, candidata. A senhora, no último debate, fez uma ofensa aos fatos. E teve o constrangimento, acredito eu, de ler no dia seguinte um documento do ministro do Tribunal de Contas dizendo que aprovou as nossas contas, aliás, foram aprovadas por unanimidade, pela correção dos nossos investimentos, candidata. Quem não gasta em saúde é o seu governo. Em 2009, o TCU pediu que vocês retirassem do cálculo do gasto com saúde recursos para o Bolsa Família, candidata. Essa é a grande realidade. Vocês demoraram a regulamentar a Emenda 29, muito mais do era cabível, aceitável. Minas Gerais é um estado extraordinário, candidata. É o estado que só cresce. Tem a melhor educação fundamental do Brasil. A melhor saúde da região Sudeste, é o que teve um governador muito correto.
